{"accuracy": [0.42637643218040466, 0.7304025888442993, 0.7995447516441345, 0.835111677646637, 0.8567363619804382, 0.8645610809326172, 0.8824868202209473, 0.8960022926330566, 0.9061033129692078, 0.9018352627754211, 0.9154929518699646, 0.9243135452270508, 0.9281547665596008, 0.932849645614624, 0.5665102005004883, 0.8853321671485901, 0.9442310333251953, 0.9682742953300476, 0.984492838382721, 0.9918907284736633], "val_accuracy": [0.7700626254081726, 0.8542971014976501, 0.878770649433136, 0.8964143395423889, 0.9021058678627014, 0.9049516320228577, 0.9112122654914856, 0.9151963591575623, 0.9191803932189941, 0.9203187227249146, 0.9254410862922668, 0.9254410862922668, 0.9299942851066589, 0.9282868504524231, 0.8594194650650024, 0.900967538356781, 0.9476380348205566, 0.9618667960166931, 0.9721115827560425, 0.9669891595840454], "loss": [2.327840805053711, 1.1898455619812012, 0.9190795421600342, 0.7960008382797241, 0.6950448155403137, 0.6393020153045654, 0.5911378264427185, 0.550269365310669, 0.5172345042228699, 0.5033506155014038, 0.4706237018108368, 0.44334256649017334, 0.43160197138786316, 0.4076816737651825, 1.8206968307495117, 0.64671391248703, 0.4171159863471985, 0.31820961833000183, 0.26041725277900696, 0.22558952867984772], "val_loss": [1.1177645921707153, 0.8134292960166931, 0.69356369972229, 0.6218757033348083, 0.5762984156608582, 0.5403022170066833, 0.5117553472518921, 0.4930008351802826, 0.47725436091423035, 0.4622550308704376, 0.4462103843688965, 0.44153791666030884, 0.4278267025947571, 0.4215366542339325, 0.686908483505249, 0.5139521956443787, 0.3688925802707672, 0.3172972500324249, 0.2837580740451813, 0.29745981097221375], "f1_score": [0.3294568955898285, 0.6514378786087036, 0.7539196610450745, 0.7999676465988159, 0.8361003994941711, 0.8525476455688477, 0.8684331178665161, 0.8829633593559265, 0.8927308917045593, 0.8948351144790649, 0.9085628390312195, 0.9168208837509155, 0.9200853705406189, 0.9277089834213257, 0.4903806149959564, 0.8555302023887634, 0.9341909885406494, 0.9629253149032593, 0.9810452461242676, 0.990432620048523], "val_f1_score": [0.6890089511871338, 0.7993365526199341, 0.8460075259208679, 0.8711275458335876, 0.8896991014480591, 0.8946416974067688, 0.9076784253120422, 0.9104432463645935, 0.9132879376411438, 0.9185839891433716, 0.9210835695266724, 0.9249266386032104, 0.9274004101753235, 0.926500678062439, 0.8486719131469727, 0.8992570638656616, 0.9455919861793518, 0.9609938859939575, 0.9714778661727905, 0.9648616313934326]}