{"accuracy": [0.42751458287239075, 0.7285531163215637, 0.8042395710945129, 0.8403756022453308, 0.8544601202011108, 0.8804950714111328, 0.8843362927436829, 0.9018352627754211, 0.9068146347999573, 0.9130744338035583, 0.9197610020637512, 0.9190496802330017, 0.9305733442306519, 0.932849645614624, 0.9366908669471741, 0.9383980631828308, 0.9433774352073669, 0.9435197114944458, 0.9467918872833252, 0.9516289830207825, 0.9502062797546387, 0.9553279280662537, 0.955043375492096, 0.9557547569274902, 0.9586001038551331, 0.9600227475166321, 0.9604495763778687, 0.9630103707313538, 0.568217396736145, 0.8886043429374695, 0.9497795104980469, 0.9738227128982544, 0.9876226782798767, 0.992175281047821, 0.9958742260932922, 0.9974392056465149, 0.9974392056465149, 0.9984350800514221, 0.9997154474258423, 0.9998577237129211], "val_accuracy": [0.7649402618408203, 0.8457598090171814, 0.8645418286323547, 0.8838930130004883, 0.8952760100364685, 0.900967538356781, 0.9060899019241333, 0.912350594997406, 0.9117814302444458, 0.912350594997406, 0.9208878874778748, 0.9225953221321106, 0.9197495579719543, 0.9271485209465027, 0.9311326146125793, 0.9305634498596191, 0.9311326146125793, 0.9334092140197754, 0.9334092140197754, 0.9317017793655396, 0.9334092140197754, 0.9294251799583435, 0.9305634498596191, 0.9362549781799316, 0.9317017793655396, 0.9334092140197754, 0.9317017793655396, 0.9339783787727356, 0.7285144925117493, 0.921457052230835, 0.9391007423400879, 0.968696653842926, 0.9584519267082214, 0.9681274890899658, 0.9732498526573181, 0.9766647815704346, 0.9766647815704346, 0.9829254150390625, 0.9834945797920227, 0.9806488156318665], "loss": [2.351229429244995, 1.2081660032272339, 0.9231043457984924, 0.7869106531143188, 0.7124468684196472, 0.6373345851898193, 0.5947856903076172, 0.5432639718055725, 0.5184338688850403, 0.4957546889781952, 0.4716111719608307, 0.45411136746406555, 0.4244433343410492, 0.4139123558998108, 0.3981319069862366, 0.3872683346271515, 0.37196800112724304, 0.36222007870674133, 0.3518070876598358, 0.3449532091617584, 0.34046366810798645, 0.32332733273506165, 0.32091084122657776, 0.3178133964538574, 0.30773496627807617, 0.30253297090530396, 0.29594099521636963, 0.2916193902492523, 1.8150973320007324, 0.6449370980262756, 0.4079325795173645, 0.31162354350090027, 0.2556358575820923, 0.22412194311618805, 0.20228832960128784, 0.19073836505413055, 0.1836802363395691, 0.17639502882957458, 0.16732068359851837, 0.16315524280071259], "val_loss": [1.1344637870788574, 0.823161244392395, 0.7035776972770691, 0.6262682676315308, 0.5742383599281311, 0.5384548902511597, 0.5122290849685669, 0.4879366159439087, 0.4694814383983612, 0.457979679107666, 0.4400267004966736, 0.4310176372528076, 0.4249979853630066, 0.4143081605434418, 0.40324342250823975, 0.3947954475879669, 0.393546998500824, 0.3819233179092407, 0.3803024888038635, 0.37648919224739075, 0.3723154366016388, 0.37313520908355713, 0.37203553318977356, 0.35695478320121765, 0.3620409667491913, 0.3646569848060608, 0.36196014285087585, 0.35958346724510193, 1.0785037279129028, 0.4514960050582886, 0.4007304906845093, 0.3166801333427429, 0.32614368200302124, 0.27711760997772217, 0.2709464728832245, 0.2546493113040924, 0.24793875217437744, 0.22492703795433044, 0.21957005560398102, 0.2226104885339737], "f1_score": [0.31432828307151794, 0.6403741240501404, 0.7524834871292114, 0.8028783202171326, 0.8287903070449829, 0.8598434329032898, 0.8724575042724609, 0.887877345085144, 0.8952481150627136, 0.9051104784011841, 0.910998523235321, 0.9138837456703186, 0.9243374466896057, 0.9280775785446167, 0.9342925548553467, 0.9352875351905823, 0.9390501976013184, 0.9410818815231323, 0.9440070390701294, 0.948126494884491, 0.9464571475982666, 0.9538594484329224, 0.9540379643440247, 0.9523533582687378, 0.9558801651000977, 0.9581098556518555, 0.9589020609855652, 0.9615189433097839, 0.48868033289909363, 0.8599873185157776, 0.9397785663604736, 0.9673731327056885, 0.9834253787994385, 0.9899970293045044, 0.9955092668533325, 0.996867835521698, 0.9975097179412842, 0.9980781078338623, 0.9997153282165527, 0.9998576641082764], "val_f1_score": [0.6695651412010193, 0.7907284498214722, 0.8404693603515625, 0.8657177686691284, 0.880733847618103, 0.8897637128829956, 0.8998199701309204, 0.9087655544281006, 0.9127076864242554, 0.915804922580719, 0.9190306067466736, 0.9224417209625244, 0.9242024421691895, 0.9263712763786316, 0.9278831481933594, 0.9298655390739441, 0.9287799000740051, 0.9318974614143372, 0.9316661357879639, 0.9309238195419312, 0.9330225586891174, 0.9334881901741028, 0.933139443397522, 0.9319767355918884, 0.9312445521354675, 0.9329091310501099, 0.930555522441864, 0.936994194984436, 0.7163142561912537, 0.9199642539024353, 0.9369315505027771, 0.9637786149978638, 0.9560438394546509, 0.9660333395004272, 0.97037672996521, 0.9765176773071289, 0.97677081823349, 0.982596218585968, 0.9828571081161499, 0.9799999594688416]}