{"accuracy": [0.4269455075263977, 0.7225778698921204, 0.799117922782898, 0.8336889743804932, 0.859581708908081, 0.8689714074134827, 0.8888888955116272, 0.8969981670379639, 0.9063878059387207, 0.9133589267730713, 0.923886775970459, 0.9254516959190369, 0.9281547665596008, 0.9314269423484802, 0.9356949925422668, 0.9442310333251953, 0.9438042640686035, 0.9456537365913391, 0.949921727180481, 0.9494949579238892, 0.9554702043533325, 0.5700668692588806, 0.8843362927436829, 0.9416702389717102, 0.9692701697349548, 0.988334059715271, 0.9924598336219788, 0.9968701004981995, 0.9977236986160278, 0.9980082511901855], "val_accuracy": [0.7740466594696045, 0.8468981385231018, 0.8764940500259399, 0.892430305480957, 0.8975526690483093, 0.9106431603431702, 0.9157655239105225, 0.9186112880706787, 0.9197495579719543, 0.9254410862922668, 0.9254410862922668, 0.9294251799583435, 0.9288560152053833, 0.9351166486740112, 0.9339783787727356, 0.9305634498596191, 0.9345475435256958, 0.9339783787727356, 0.9345475435256958, 0.9345475435256958, 0.9351166486740112, 0.8309618830680847, 0.9208878874778748, 0.9402390718460083, 0.9425156712532043, 0.9624359607696533, 0.9567444324493408, 0.9709732532501221, 0.9715424180030823, 0.9624359607696533], "loss": [2.3479344844818115, 1.2143794298171997, 0.9367357492446899, 0.7994297742843628, 0.7013459801673889, 0.6478138566017151, 0.5944818258285522, 0.5528500080108643, 0.5228877663612366, 0.49455755949020386, 0.4630005359649658, 0.44597941637039185, 0.4285103380680084, 0.4061015844345093, 0.39920225739479065, 0.37460198998451233, 0.3678348660469055, 0.3569818437099457, 0.3447628617286682, 0.33833542466163635, 0.3239086866378784, 1.81217360496521, 0.6496909856796265, 0.4321109354496002, 0.3185313642024994, 0.2526850998401642, 0.2204161286354065, 0.19880886375904083, 0.186630517244339, 0.18060871958732605], "val_loss": [1.134020447731018, 0.8331906795501709, 0.7036023736000061, 0.6291466951370239, 0.5827137231826782, 0.5343353152275085, 0.51334148645401, 0.49678200483322144, 0.4737907350063324, 0.4519137442111969, 0.4441213011741638, 0.4312922954559326, 0.42003002762794495, 0.413658082485199, 0.4106021523475647, 0.40135085582733154, 0.3971603810787201, 0.3914435803890228, 0.38849031925201416, 0.3890361487865448, 0.3829270899295807, 0.7870255708694458, 0.4602769911289215, 0.38063982129096985, 0.3590337932109833, 0.30265694856643677, 0.3044500946998596, 0.26139771938323975, 0.26772117614746094, 0.2782956063747406], "f1_score": [0.3228229284286499, 0.6390445232391357, 0.748856782913208, 0.7983752489089966, 0.8392181396484375, 0.853320837020874, 0.8703930377960205, 0.8866104483604431, 0.8930730819702148, 0.9021283388137817, 0.9124850034713745, 0.9171974062919617, 0.9202008843421936, 0.9262288808822632, 0.9295483827590942, 0.9385932683944702, 0.9396709203720093, 0.9422571659088135, 0.9468634128570557, 0.946901261806488, 0.9532383680343628, 0.5014773011207581, 0.8551982045173645, 0.9298388361930847, 0.9626398682594299, 0.9843412637710571, 0.9916493892669678, 0.9960812330245972, 0.9972231388092041, 0.9981491565704346], "val_f1_score": [0.663216233253479, 0.7848777770996094, 0.8468868136405945, 0.8731783032417297, 0.8792359828948975, 0.897241473197937, 0.9066264033317566, 0.9056603908538818, 0.9121761918067932, 0.9197987914085388, 0.9226225018501282, 0.921672523021698, 0.9279436469078064, 0.9276720285415649, 0.9293047189712524, 0.9312261939048767, 0.9324008822441101, 0.9316986799240112, 0.9333332180976868, 0.9314351677894592, 0.9315544366836548, 0.8243793845176697, 0.9162942171096802, 0.9361701607704163, 0.9385862350463867, 0.9594437479972839, 0.9596308469772339, 0.971625030040741, 0.9709852933883667, 0.9602991342544556]}