{"accuracy": [0.4433062970638275, 0.7285531163215637, 0.8035282492637634, 0.8321240544319153, 0.854317843914032, 0.8703941106796265, 0.8853321671485901, 0.8951486945152283, 0.9065300822257996, 0.9103713035583496, 0.920187771320343, 0.9210414290428162, 0.9278702735900879, 0.9318537712097168, 0.5803101658821106, 0.8915919661521912, 0.9465073347091675, 0.9692701697349548, 0.984492838382721, 0.9918907284736633], "val_accuracy": [0.7768924236297607, 0.8503130078315735, 0.8702333569526672, 0.8969835042953491, 0.8998292684555054, 0.91007399559021, 0.9129197597503662, 0.9208878874778748, 0.9180421233177185, 0.9248719215393066, 0.9271485209465027, 0.9294251799583435, 0.9299942851066589, 0.9356858134269714, 0.833807647228241, 0.898690938949585, 0.9402390718460083, 0.9533295631408691, 0.9538986682891846, 0.9721115827560425], "loss": [2.2629647254943848, 1.1911672353744507, 0.9369432926177979, 0.8061776757240295, 0.7110350728034973, 0.65218186378479, 0.6015729308128357, 0.5611489415168762, 0.5223426222801208, 0.502903938293457, 0.477058082818985, 0.4572848081588745, 0.43319594860076904, 0.4222511053085327, 1.7574917078018188, 0.6424239277839661, 0.42070382833480835, 0.3239801228046417, 0.26174861192703247, 0.22572672367095947], "val_loss": [1.0623998641967773, 0.7970743179321289, 0.6843241453170776, 0.605796754360199, 0.5639249086380005, 0.5261980295181274, 0.5035303831100464, 0.4768090844154358, 0.47156116366386414, 0.4527449905872345, 0.440341055393219, 0.4283715784549713, 0.41964685916900635, 0.40410327911376953, 0.7672372460365295, 0.524566650390625, 0.38901326060295105, 0.34259068965911865, 0.3236404061317444, 0.27435776591300964], "f1_score": [0.3441077172756195, 0.6476398706436157, 0.7511633038520813, 0.7976344227790833, 0.8333727717399597, 0.8560110926628113, 0.8730230927467346, 0.8836960792541504, 0.8951545357704163, 0.9021046161651611, 0.9123538136482239, 0.9154309630393982, 0.9219594597816467, 0.9263576865196228, 0.5111581683158875, 0.8601206541061401, 0.9348788261413574, 0.9626404643058777, 0.9810994863510132, 0.9907810091972351], "val_f1_score": [0.6995354890823364, 0.8027795553207397, 0.8424068689346313, 0.8730995655059814, 0.8854356408119202, 0.90174800157547, 0.9040766358375549, 0.9116417169570923, 0.9114149212837219, 0.9205219149589539, 0.9228494763374329, 0.9251178503036499, 0.9275190830230713, 0.9334895014762878, 0.8278206586837769, 0.8979712724685669, 0.9358710646629333, 0.9517722129821777, 0.9552151560783386, 0.9686511158943176]}